Control,MacBook,Lenovo,White Noise,Storm
Sample Data,Sample Data,Sample Data,Sample Data,Sample Data
Sample Data,Sample Data,Sample Data,Sample Data,Sample Data
Sample Data,Sample Data,Sample Data,Sample Data,Sample Data
Sample Data,Sample Data,Sample Data,Sample Data,Sample Data
Sample Data,Sample Data,Sample Data,Sample Data,Sample Data
Sample Data,Sample Data,Sample Data,Sample Data,Sample Data
Sample Data,Sample Data,Sample Data,N/A,Sample Data
Sample Data,Sample Data,Sample Data,N/A,Sample Data
Sample Data,Sample Data,Sample Data,Sample Data,N/A
Sample Data,Sample Data,Sample Data,Sample Data,Sample Data
Sample Data,Sample Data,Sample Data,Sample Data,Sample Data Sample Data
Sample Data,Sample Data,Sample Data,N/A,Sample Data
Sample Data,Sample Data,Sample Data,N/A,Sample (F?ta
Sample Data,Sample Data,Sample Data,Sample Data,Sample Data
Sample Data,Sample Data,Sample Data,N/A,Sample Data